"country","method","estimate","se","lower","upper","n","strata"
"Uganda","sdim",1.2893018359436,2.98047706289192,-4.55243320732457,7.13103687921176,2115,37
"Uganda","cal2_X",3.68654664197152,2.72594494488387,-1.65630545000085,9.0293987339439,2115,37
"Uganda","cal2_info",2.68526384002434,2.73604902082805,-2.67739224079863,8.04791992084731,2115,37
"Uganda","cal2_X_info",3.60414655564831,2.68292258800614,-1.65438171684373,8.86267482814035,2115,37
"Uganda","cal4_X",3.99738703097581,2.72594494488387,-1.34546506099657,9.34023912294819,2115,37
"Uganda","cal4_info",2.48918745403232,2.73604902082805,-2.87346862679066,7.85184353485529,2115,37
"Uganda","cal4_X_info",3.32305875439621,2.68292258800614,-1.93546951809583,8.58158702688825,2115,37
"Uganda","aipw_info",2.48446826234031,2.79003168063067,-2.9839938316958,7.95293035637641,2115,37
"Malawi","sdim",0.452426631307853,1.76245461791157,-3.00198441979883,3.90683768241453,1987,67
"Malawi","cal2_X",1.43111693664511,1.67940897269913,-1.86052464984518,4.7227585231354,1987,67
"Malawi","cal2_info",0.85357054527566,1.65980683990929,-2.39965086094656,4.10679195149788,1987,67
"Malawi","cal2_X_info",1.38955518902267,1.63487890724781,-1.81480746918304,4.59391784722839,1987,67
"Malawi","cal4_X",1.42359513011489,1.67940897269913,-1.8680464563754,4.71523671660518,1987,67
"Malawi","cal4_info",1.17438373398581,1.65980683990929,-2.07883767223641,4.42760514020803,1987,67
"Malawi","cal4_X_info",1.35981448012764,1.63487890724781,-1.84454817807808,4.56417713833335,1987,67
"Malawi","aipw_info",0.630420277555905,1.85562000637964,-3.00659493494818,4.26743549005999,1987,67
